;fizikiai;1;szellemi;2;vegyes;3
árufeltöltő;1;;;;;
pénztáros;1;;;;;
részlegvezető;2;;;;;
raktári munkatárs;1;;;;;
menedzser;2;;;;;
reszortfelelős;1;;;;;
Áruellátási felelős;2;;;;;
Termelési segédmunkás;1;;;;;
Master Data koordinator;2;;;;;
állatgondozó;1;;;;;
HC QA Specialista;2;területi értékestési vezető;;;;
magán;0;;;;;
Alkalmazott az önki. osztályon;1;;;;;
igénytervező manager;2;;;;;
építésvezető;3;;;;;
Business Unit Manager;2;;;;;
ügyintéző;2;;;;;
klímaszerelő;1;;;;;
E-ker kiszolgálási munkatárs;1;;;;;
infokommunikációs szakértő;2;;;;;
Ügyviteli munkatárs;2;;;;;
termelési csoportvezető;2;;;;;
szakeladó;1;;;;;
alkalmazott az önkiszolgáló osztályon;1;;;;;
cukrász;1;;;;;
háztechnikus;1;;;;;
Alkalmazott az önkiszolgáló osztályon;1;;;;;
Pénztár host/hostess;1;;;;;
senior HR generalista;2;;;;;
Contact center representative;2;;;;;
gépkezelő;1;;;;;
Főpénztár/hostess zóna hostess;1;;;;;
irodavezető;2;;;;;
általános asszisztens;3;;;;;
pék eladó;1;;;;;
E-ker előkészítő munkatárs;1;;;;;
Áruösszekészítésért felelős munkatárs;2;;;;;
raktári kisegítő;1;;;;;
főkönyvelő;2;;;;;
raktáros;1;;;;;
magasemelős;1;;;;;
szoftverfejleszlő;2;;;;;
targoncavezető;1;;;;;
eladó;1;;;;;
kereskedő;1;;;;;
Éttermi dolgozó;1;;;;;
ISP áruházvezető;2;;;;;
boltvezető;2;;;;;
webshop kiszállító;1;;;;;
ügyfélszolgálati központ tájékoztatója;2;;;;;
áruellátó asszisztens;1;;;;;
értékesítési munkatárs;2;;;;;
közterület-felügyelő;1;;;;;
Elszámoltatási referens;2;;;;;
karbantartó;1;;;;;
segédmunkás;1;;;;;
Senior lean navigátor;2;;;;;
call center munkatárs;1;;;;;
fejlesztő;2;;;;;
munkavédelmi megbízott;2;;;;;
színész-drámatanár;3;;;;;
program fejlesztő támogató referens;2;;;;;
ISP NF vezető;2;;;;;
Supply Chain tervezés szakértő;2;;;;;
áruvédelemért felelős alkalmazott;2;;;;;
asztalos;1;;;;;
Komissiózó;1;;;;;
E-ker előkészítési munkatárs;1;;;;;
Hentes eladó;1;;;;;
Contact Center Trainer;2;;;;;
garázsmester;1;;;;;
tanuló;3;;;;;
áruátvevő;1;;;;;
osztályvezető;2;;;;;
értékesítési szaktanácsadó;2;;;;;
géplakatos;1;;;;;
felszolgáló;1;;;;;
admin ügyintéző;2;;;;;
biztonsági őr;1;;;;;
műszakvezető;2;;;;;
pék;1;;;;;
ISP üzemvezető-helyettes;2;;;;;
kereskedelmi ügyintéző;2;;;;;
boltvezető helyettes;2;;;;;
pénztár hostess;1;;;;;
cukrász csoportvezető;1;;;;;
képesített karbantartó;1;;;;;
csemegepulti eladó;1;;;;;
grillpult eladó;1;;;;;
közterületfelügyelő I;1;;;;;
targoncavezető raktáros;1;;;;;
Frissésség szerződés felelős;2;;;;;
biztonsági szolgálat csoportvezető;3;;;;;
programiroda vezető;2;;;;;
Minőségellenőr;2;;;;;
F&B Supervisor;2;;;;;
áruházvezető;2;;;;;
referens;2;;;;;
osztályvezetö;2;;;;;
E-kereskedelmi csoportvezető;1;;;;;
Vevőszolgálati pénztár hostess;1;;;;;
szolg.vezető;1;;;;;
felsővezetői asszisztens;2;;;;;
bolti dolgozó;1;;;;;
burkoló;1;;;;;
Webshop picker;2;;;;;
Raktári munkatárs;1;;;;;
központi ügyeletes II.;2;;;;;
kereskedelmi menedzser;2;;;;;
webshop picker;0;;;;;
portás;3;;;;;
árukiszállításért felelős munkatárs;1;;;;;
Ügyvezető;2;;;;;
termelési kiemelt szakmunkás;1;;;;;
Technical Presales Consultant;2;;;;;
önkormányzati természetvédelmi őr;1;;;;;
TO GO szakeladó;1;;;;;
raktári részlegvezető;1;;;;;
építészmérnök, tervező;2;;;;;
beszerzési és pénzügyi koordinátor;2;;;;;
klíma és hűtőgépszerelő;1;;;;;
csoportvezető;2;;;;;
ügyfélszolgálati munkatárs;2;;;;;
tehergépkocsi vezető;1;;;;;
készletellenőr;1;;;;;
hatósági ügyintéző;2;;;;;
zona host/hostess;1;;;;;
Humán erőforrás főmunkatárs;2;;;;;
területi vezető;2;;;;;
raktári adminisztrátor;2;;;;;
termékfelelős/eladó;1;;;;;
sofőr;1;;;;;
Főiskolás gyakornok;2;;;;;
szitanyomó;1;;;;;
jogi referens;2;;;;;
eladó, pénztáros;1;;;;;
pályázati asszisztens;2;;;;;
call center agent;2;;;;;
beszerzési koordinátor;2;;;;;
könyvelő;2;;;;;
készletgazdálkodási rendszer adminisztráció;2;;;;;
csiszoló;1;;;;;
orvos;3;;;;;
Webáruház technikus tanuló;2;;;;;
pénzügyi koordinátor;2;;;;;
gazdasági osztályvezető;2;;;;;
takarító;1;;;;;
Kereskedelmi manager;2;;;;;
mérnök üzletkötő;3;;;;;
gyártás és értékesítés manager;2;;;;;
főpénztáros;1;;;;;
értékesítési tanácsadó;2;;;;;
betanított szigetelő;1;;;;;
senior kontroller;2;;;;;
készletgazda;2;;;;;
összeszerelő;1;;;;;
Főpénztár-helyettes;1;;;;;
Szellemi munkakör;2;;;;;
E-com ügyintéző;2;;;;;
On-line shop vezető;2;;;;;
általános karbantartó;1;;;;;
éttermi alkalmazott;1;;;;;
értékesítési előadó;2;;;;;
termelési vezető;2;;;;;
import ügyintéző;2;;;;;
Kőműves, kábelépítő;1;;;;;
áru összekészítő;1;;;;;
üzemeltetési referens;2;;;;;
projektmérnök;2;;;;;
Raktári dolgozó;1;;;;;
főpénztár helyettes;1;;;;;
ügyfélszolgálat;2;;;;;
energetikus gyakornok;2;;;;;
szobalány;1;;;;;
targoncás gépkezelő;1;;;;;
Beszerzési és Koordinációs Ügyintéző;2;;;;;
Reghin;0;;;;;
áruellátási szakértő;2;;;;;
elektromos karbantartó;1;;;;;
értékesítés támogatási munkatárs;2;;;;;
Műszak-részlegvezető;2;;;;;
villamosmérnök;3;;;;;
webshop admin;2;;;;;
folyamatfejlesztő mérnök;2;;;;;
titkársági asszisztens;2;;;;;
áruházvezető helyettes;2;;;;;
értékesítő;3;;;;;
konyhai kisegitő;1;;;;;
targoncavezető, komissiózó;1;;;;;
Barista;1;;;;;
Irodavezető-helyettes;2;;;;;
Gazdasági referens;2;;;;;
Termelés tervező;2;;;;;
ellátás tervezés adminisztráció csoportvezető;2;;;;;
karbantartási munkatárs;1;;;;;
csomagoló;1;;;;;
Junior BI Develope;2;;;;;
E-ker kiszolgáló munkatárs;1;;;;;
E-kereskedelmi vevőszolgálati munkatárs;2;;;;;
Business Development Manager;2;;;;;
betanított szerelő;1;;;;;
raktárvezető;1;;;;;
pályázatkezelési referens;2;;;;;
esztergályos;1;;;;;
IT Sevice Desk Jr. Technician;2;;;;;
kontrolling asszisztens;2;;;;;
Termelési szakmunkás;1;;;;;
tervezőmérnök;2;;;;;
Logisztikai munkatárs;3;;;;;
rakodó;1;;;;;
gyógyszerkiadó szakasszisztens;1;;;;;
étteremvezető-helyettes;1;;;;;
kereskedelmi és marketing manager;2;;;;;
ISP frissáru vezető;2;;;;;
Áruellátó menedzser;2;;;;;
üzletvezető;2;;;;;
E-ker. dark store előkészítési munkatárs;1;;;;;
kivitelezési üzletág vezető;2;;;;;
gyógyszertár vezető;2;;;;;
HUmán erőforrás osztályvezető;2;;;;;
raktárlapválogató;1;;;;;
Szervezési igazgatóhelyettes;2;;;;;
fejezeti gazdálkodási referens;2;;;;;
Pénztár manager;1;;;;;
Projektmenedzser;2;;;;;
kabinetvezető;2;;;;;
szerelés vezető;1;;;;;
Fizikai dolgozó;1;;;;;
Áruösszekészítő;1;;;;;
beszerzési asszisztens;2;;;;;
bolti eladó;1;;;;;
szakszervezeti titkár;2;;;;;
Facility manager;2;;;;;
üzemvezető helyettes;2;;;;;
éttermi - konyhai dolgozó;1;;;;;
területi képviselő;1;;;;;
varrónő;1;;;;;
Kereskedelmi senior menedzser 2;2;;;;;
Szállítmányozási vezető;2;;;;;
asszisztens;1;;;;;
HR munkatárs;2;;;;;
Karbantartási adminisztrátor;1;;;;;
lakatos;1;;;;;
Diák;3;;;;;
méréstechnikus;2;;;;;
Személyzeti ügyintéző;2;;;;;
ügyvezető, könyvelő;2;;;;;
jogtanácsos;2;;;;;
ISP frissáru üzemvezető;1;;;;;
targonca vezető;1;;;;;
gondnok;1;;;;;
hegesztő lakatos;1;;;;;
irodai adminisztrátor;2;;;;;
számviteli ügyintéző;2;;;;;
gépkocsivezető;1;;;;;
Építési projekt tanácsadó;2;;;;;
Tervezési koordinátor;2;;;;;
Adminisztrációs koordinátor;2;;;;;
Eladó-Benzinkút pénztár hostess;1;;;;;
kereskedelmi asszisztens;2;;;;;
Társadalmi kapcsolatokért felelős szakértő;2;;;;;
üzemvezető-helyettes;2;;;;;
villanyszerelő;1;;;;;
Senior Controller;2;;;;;
ügyvezető;2;;;;;
betanított munkás;1;;;;;
műszak részlegvezető;2;;;;;
projektvezető;2;;;;;
cégvezető;2;;;;;
pályázati referens;2;;;;;
Szervíz technikus;1;;;;;
Vásárlói kapcsolatokért felelős asszisztens;2;;;;;
Kulcsfelhasználó;2;;;;;
irodai asszisztens;2;;;;;
Erőforrás tervező manager;2;;;;;
ügyviteli referens;2;;;;;
ISP Készletellenőr;2;;;;;
fejezeti gazdálkodási csoportvezető;2;;;;;
ajánlatkészítő mérnök;2;;;;;
Junior Developer;2;;;;;
ügyvezető igazgató;2;;;;;
ISP Food vezető;2;;;;;
ISP NFII üzemvezető;2;;;;;
árfelmérő;2;;;;;
Magánszemély;0;;;;;
hús és hentesárú eladó;1;;;;;
recepciós;2;;;;;
egyéb takarító és kisegítő;1;;;;;
Udvartakarító;1;;;;;
göngyöleg felelős;1;;;;;
IT manager;2;;;;;
pénzügyi assziszt.;2;;;;;
Műszaki szaktanácsadó;2;;;;;
marketing munkatárs;2;;;;;
szakmunkás;1;;;;;
Sales executive;2;;;;;
beszerzési előadó;2;;;;;
betanított varró;1;;;;;
SZEMÉLYI-SZAKMAI TITKÁR;2;;;;;
termék menedzser;2;;;;;
HR koordinátor;2;;;;;
textilgépkezelő;1;;;;;
áru kiszállításért felelős munkatárs;1;;;;;
geológus;3;;;;;
csemege pultos;1;;;;;
Helyszíni ellenőr;3;;;;;
építőipari szakmai irányító, felügyelő;2;;;;;
szállítmányozási ügyintéző;2;;;;;
hentes;1;;;;;
sales Manager;2;;;;;
iratkezelési munkatárs;2;;;;;
Webshop csoportvezető;2;;;;;
védőnő;3;;;;;
szakács;1;;;;;
értékesítő szaktanácsadó;2;;;;;
senior könyvelő;2;;;;;
ügyvédjelölt;2;;;;;
műszaki előkészítő;2;;;;;
üzleti szolg-i tevékenységet folytató egység vezető;2;;;;;
key account manager;2;;;;;
igazgató;2;;;;;
üzletkötő;1;;;;;
pénzügyi vezető;2;;;;;
anyaggazdálkodási munkatárs;1;;;;;
Product Engineer;2;;;;;
projekt asszisztens;2;;;;;
gazdasági igazgató;2;;;;;
kereskedelmi képviselő;2;;;;;
műszaki asszisztens;2;;;;;
humánpol. és tb. ügyintéző;2;;;;;
kereskedelmi igazgató;2;;;;;
értékesítő-termékfelelős;2;;;;;
villamos tervező;2;;;;;
szervíz asszisztens;1;;;;;
magasemelésű targoncás;1;;;;;
Többes munkakör Termékfelelős/Eladó;1;;;;;
ügyeletes;2;;;;;
junior szakértő;2;;;;;
HR generalista;2;;;;;
Transport manager;2;;;;;
raktáros, targoncavezető;1;;;;;
raktári csoportvezető;1;;;;;
előadó;1;;;;;
to-go vezető;2;;;;;
raktár vezető;2;;;;;
pénzügyi előadó;1;;;;;
Áruátvételi csoportvezető;2;;;;;
könyvelési adminisztrátor;2;;;;;
alk. önkiszolg.osztály(grill pult);1;;;;;
HR igazgató;2;;;;;
termelési részlegvezető;2;;;;;
Áruházi készletgazdálkodási csoportvezető;2;;;;;
szerelő;1;;;;;
jogi és hatósági előadó;2;;;;;
ISP FOOD és NFI üzemvezető;2;;;;;
szigetelő;1;;;;;
e-kereskedelmi koordinátor;2;;;;;
Zona host;1;;;;;
Kiemelt informatikai referens;2;;;;;
kontrolling vezető;2;;;;;
pénztáros hostess;1;;;;;
jogi előadó;2;;;;;
humánpolitikai vezető;2;;;;;
Karbantartási vezető;1;;;;;
Gyengeáramú hálózat szerelő;1;;;;;
toborzási munkatárs;2;;;;;
áru összekészítéséért felelős munkatárs;1;;;;;
gyártástámogató mérnök;2;;;;;
raklap válogató;1;;;;;
lakatos, hegesztő;1;;;;;
személyzeti vezető, humánpolitikai egység vezetője;2;;;;;
targoncás komissiózó;1;;;;;
associate consultant- tanácsadó munkatárs;2;;;;;
jogi asszisztens;2;;;;;
gépkocsi vezető;1;;;;;
Vásárlói kapcsolatokért felelős senior;2;;;;;
szállítási ügyintéző;1;;;;;
Épületkarbantartó technikus;1;;;;;
Kelet-Európai Kereskedelmi Vezető;2;;;;;
alkalmazott az Önkiszolgáló osztályon;1;;;;;
karbantartás vezető;1;;;;;
Titkársági referens;2;;;;;
Gépész üzemeltetési csoportvezető (3161);2;;;;;
Automatizálási technikus;2;;;;;
adminisztrációs munkatárs;2;;;;;
ügyfélintegrációs projektmenedzser;2;;;;;
customer care assistant;2;;;;;
Termékfelelős hentes osztályon;1;;;;;
asziszens;2;;;;;
irodai adminisztratív munkatárs;2;;;;;
Senior Finance Specialist GL Accounting;2;;;;;
Customer service;1;;;;;
t&e accountant;2;;;;;
manager;2;;;;;
project manager;2;;;;;
gépész szerelésvezető;1;;;;;
készletnyilvántartó;2;;;;;
szervíz karbantartó;1;;;;;
eladó / pénztárosi feladatok ellátása;1;;;;;
konyhai kisegítő;1;;;;;
szakmai referens;2;;;;;
gépjárműügyintéző, ebbefogó;1;;;;;
gyorséttermi dolgozó;1;;;;;
áruszállító;1;;;;;
gépkocsivezető, raktáros;1;;;;;
forgácsoló;1;;;;;
Trade marketing manager;2;;;;;
szervízmérnök;1;;;;;
áruház vezető;2;;;;;
Kiemelt HR munkatárs;2;;;;;
technikus;2;;;;;
Webshop sofőr;1;;;;;
Market product Specialist;2;;;;;
pultos;1;;;;;
Rooms Divison Manager;2;;;;;
panaszkezelési ügyintéző;2;;;;;
étteremvezető;1;;;;;
kiszedő raktáros;1;;;;;
adatszolg. és döntéselőkészítési referens;2;;;;;
Finompék;1;;;;;
irodai;2;;;;;
műszaki vezető;2;;;;;
nyelvi csoportvezető;2;;;;;
személyzeti vezető;2;;;;;
hostess;1;;;;;
E-ker senior manager;2;;;;;
autófényező, ügyvezető;1;;;;;
Állatorvosi asszisztens;1;;;;;
áruátvételi koordinátor;1;;;;;
létesítmény vezető;2;;;;;
senior gyártástervező;3;;;;;
Online shop csoportvezető;2;;;;;
Sous Chef;1;;;;;
irodai szakmai irányító, felügyelő;2;;;;;
műszakvezető helyettes;2;;;;;
készletellenőrzési vezető;2;;;;;
Rehabilitációs orvos-szakértői és bizottsági elnöki feladatok;3;;;;;
gyógyszergyártó üzemvezető;2;;;;;
étteremvezető helyettes I.;1;;;;;
raktárvezető helyettes;2;;;;;
tárgyi eszköz könyvelő;2;;;;;
Információs és parkolóirodai munkatárs;2;;;;;
áruátvételi adminisztrátor;2;;;;;
közterület felügyelő II;1;;;;;
készletgazdálkodási vezető;2;;;;;
AP accountant;2;;;;;
jogi igazgató/koordinációért felelős főigazgató helyettes;2;;;;;
senior informatikai szakértő;2;;;;;
kereskedelmi tervező;2;;;;;
villany szerelő;1;;;;;
projekt vezető;2;;;;;
revideáló;0;;;;;
gépész tervezőmérnök;2;;;;;
közterület-felügyelő II.;1;;;;;
karbantartő;1;;;;;
értékesítési manager;2;;;;;
informatikai referens;2;;;;;
Irodavezető Helyettes;2;;;;;
operációs vezető;2;;;;;
raklapválógató;1;;;;;
minőségbiztosítási munkatárs;2;;;;;
Pénztár-hostess/Főpénztár;1;;;;;
Customer Marketing Manager;2;;;;;
pénzügyi ügyintéző;2;;;;;
Raktári üzemvezető;1;;;;;
Bartender;1;;;;;
árufeltöltés, leltározás;1;;;;;
Project Lead;2;;;;;
Áruházi E-kereskedelmi üzemvezető;1;;;;;
tamponnyomó;1;;;;;
logosztikai vezető;2;;;;;
logisztikai csoportvezető;2;;;;;
Henkel/Gépkezelő;1;;;;;
beszerzési szakértő;2;;;;;
beszerzési koordinációs szakreferens;2;;;;;
Adminisztrátor-Logisztika;2;;;;;
ISP Áruátvétel-raktár vezető;1;;;;;
Szállítói workflow manager;2;;;;;
Üzem/Textil gépkezelő;1;;;;;
projektmenedzser;2;;;;;
termelésvezető;1;;;;;
képzési referens;2;;;;;
Ügyfélszolgálatos;2;;;;;
Informatikai menedzser;2;;;;;
hegesztő;1;;;;;
áruátvételi munkatárs;1;;;;;
eladó-pénztáros;1;;;;;
Regional Delivery Senior manager;2;;;;;
minőségügyi ellenőr;2;;;;;
egyéb magasan képzett ügyintéző;2;;;;;
Minőségügyi igazgató;2;;;;;
szakeladó, hentes;1;;;;;
létesítményvezető;2;;;;;
személyügyi előadó;2;;;;;
fordító-lektor;2;;;;;
Houseman (emeleti londiner);1;;;;;
ellátás tervezés adminisztráció;2;;;;;
humánpolitikai adminisztrátor;2;;;;;
gépjármű ügyintéző;1;;;;;
biztonsági munkatárs;1;;;;;
üzemvezető;2;;;;;
üzletfejlesztési menedzser;2;;;;;
higiéniás asszisztens;1;;;;;
logisztikai vezető;2;;;;;
Szállítmányozási asszisztens;2;;;;;
központi ügyeletes I.;2;;;;;
Ügyvezető megbizottja;2;;;;;
Ügyfélszolgálati és kormányablak feladatok;2;;;;;
Indirect Sales Manager;2;;;;;
festő;1;;;;;
Pénzügyi és számviteli munkatárs;2;;;;;
ISP FOOD és NF1 üzemvezető;2;;;;;
termékmenedzser;2;;;;;
pénzügyi asszisztens;2;;;;;
főigazgató;2;;;;;
Rehabilitációs orvos-szakértői feladatok;3;;;;;
asszisztens logisztika;2;;;;;
Üzletvezető;2;;;;;
Grill eladó (friss szektor);1;;;;;
értékesítési vezető;2;;;;;
HR adminisztrátor;2;;;;;
üzemi gyártó;1;;;;;
bolt kisegítő;1;;;;;
Senior diszpécser;2;;;;;
CIP Sales Specialist;2;;;;;
Accounts Payable Specialist;2;;;;;
nonfood vezető;2;;;;;
dekoratőr;1;;;;;
Közbeszerzési és beszerzési referens;2;;;;;
klinikai kutatási munkatárs;2;;;;;
rendszergazda;2;;;;;
Magasemelős targoncás;1;;;;;
shift manager;2;;;;;
Call center áruházi alkalmazott;2;;;;;
fedés telepítő;1;;;;;
beosztott;0;;;;;
Construction Project Manager;2;;;;;
könyvelő asszisztens;2;;;;;
adminisztrátor;2;;;;;
Benzinkút pénztár-host;1;;;;;
informatikai vezető;2;;;;;
elnök-vezérigazgató;2;;;;;
szolgálattámogató;2;;;;;
e-ker előkészítési komissiozási manager;1;;;;;
Állatorvos;3;;;;;
szolgálatellenőrzési ügyintéző II.;2;;;;;
Brand manager;2;;;;;
logisztikai asszisztens;2;;;;;
mechanikus;1;;;;;
Stratégiai referens;2;;;;;
értékesítés-tamogató munkatárs;2;;;;;
sales menedzser;2;;;;;
művezető;1;;;;;
Pék-Szakeladó;1;;;;;
beszerzési vezető;2;;;;;
környezetvédelmi munkatárs;2;;;;;
Szenior tárgyi eszköz könyvelő;2;;;;;
marketing asszistens;2;;;;;
Talent Acquisition Specialist;2;;;;;
gyógytornász;3;;;;;
ASS Housenkeeping Manager;2;;;;;
pénzügyi és számviteli referens;2;;;;;
Informatikai oktató és dokumentátor;2;;;;;
Grillpult eladó csoportvezető;1;;;;;
kereskedő tanuló;1;;;;;
irodai vezető;2;;;;;
marketing;2;;;;;
Ügyvezető helyettes;2;;;;;
tervező;2;;;;;
account manager;2;;;;;
áruátvétel-raktárvezető;1;;;;;
hatósági osztályvezető;2;;;;;
teherautó vezető;1;;;;;
mérőtechnikus szaktanácsadó;2;;;;;
eladástervező;2;;;;;
szervíztechnikus;1;;;;;
műhelyvezető;1;;;;;
szakterületi üzletkötő;1;;;;;
kontrolling munkatárs;2;;;;;
Termelési karbantartó;1;;;;;
beszerző;1;;;;;
gépjárművezető;1;;;;;
értékesítési ügyintéző;2;;;;;
lean navigátor;2;;;;;
diszponens;2;;;;;
ügyfélszolgálkati mts.;2;;;;;
food üzemvezető helyettes;2;;;;;
konyhai dolgozó;1;;;;;
segédfelügyelő;1;;;;;
építőmérnök;2;;;;;
konzultáns;2;;;;;
logisztikai mérnök;2;;;;;
Customer service advisor;2;;;;;
kötő;1;;;;;
szoftverfejlesztő;2;;;;;
pénztáros-eladó;1;;;;;
transzfervasaló;1;;;;;
vevőszolgálati munkatárs;2;;;;;
kiemelt ügyfélkapcsolati menedzser;2;;;;;
HR Business Partner;2;;;;;
marketing menedzser;2;;;;;
Togo szakeladó;1;;;;;
irodai ügyintéző;2;;;;;
hatósági előadó;2;;;;;
Áruvédelemért felelős munkatárs;2;;;;;
étteremvezető gyakornok;1;;;;;
regionális értékesítési vezető;2;;;;;
gépész létesítmény vezető;2;;;;;
targoncás;1;;;;;
Üzemi anyagmozgató;1;;;;;
Foglalkozástartó;1;;;;;
üzemeltetési osztályvezető;2;;;;;
munkaügyi előadó;2;;;;;
gyakornok;2;;;;;
pizza-grill eladó;1;;;;;
projekt menedzser;2;;;;;
első eladó;1;;;;;
junior áruellátó manager;2;;;;;
villamos mérnök;3;;;;;
HR adminisztrációs partner;2;;;;;
ellátási lánc készletgazda;2;;;;;
Group &Event Sales Manager;2;;;;;
általános irodai adminisztrátor;2;;;;;
anyagbeszerző;2;;;;;
hús-halpult eladó;1;;;;;
Lean navigátor;2;;;;;
Főosztályvezető;2;;;;;
gépészmérnök;2;;;;;
informatikai fejlesztő referens;2;;;;;
Stratégiai szakértő/ NKA programiroda vezető;2;;;;;
rendszertámogató;2;;;;;
árukiadó;1;;;;;
zöldség / gyümölcs raktáros;1;;;;;
bérelszámoló és tárgyi eszköz könyvelő;2;;;;;
kereskedemi ügyintéző;2;;;;;
gépjárművezető, raktáros;1;;;;;
termeléstámogató mérnök;2;;;;;
Programvezető;2;;;;;
projekt manager;2;;;;;
telemarketinges;2;;;;;
E-ker előkészítő;1;;;;;
vevő kapcsolattartó;2;;;;;
ISP és E ker értékesítési koordinátor;2;;;;;
ügyvezető igazgató helyettes;2;;;;;
lean manager;2;;;;;
adatelemző;2;;;;;
pénzügyi adminisztrátor;2;;;;;
segéd;1;;;;;
front office supervisor;2;;;;;
elektrotechnikus;1;;;;;
logisztikai adminisztrátor;2;;;;;
irodai alkalmazott;2;;;;;
recepciós asszisztens;2;;;;;
general manager;2;;;;;
fejlesztőmérnök;2;;;;;
Henkel/Művezető;2;;;;;
futár;1;;;;;
gépkocsivezető, áru terítő;1;;;;;
építészmérnök;2;;;;;
E-COM csoportvezető;1;;;;;
Varrónő;1;;;;;
Műszaki osztályvezető;2;;;;;
Country Sales Director;2;;;;;
Webshop készlet ellenőr;2;;;;;
tekercselő;1;;;;;
karbantartási csoportvezető;1;;;;;
szerviztechnikus;1;;;;;
szoftver fejlesztő;2;;;;;
kézi csomagoló;1;;;;;
villamos létesítmény vezető;1;;;;;
Male;0;;;;;
Többes munkakör: termékfelelős eladó (friss szektor);1;;;;;
vezető mérnök;2;;;;;
igénytervezési csoportvezető;2;;;;;
fuvarszervező;2;;;;;
Business system and solution Manager;2;;;;;
tehergépkocsi vezető, áru terítő;1;;;;;
biztonsái diszpécser (security dispatcher);2;;;;;
pénzügy és kontrolling vezető;2;;;;;
Food and Beverage Manager;2;;;;;
szoftver eszközgazda;2;;;;;
Vevőszolgálati pénztár host / hostess;2;;;;;
pénzügyi elemző;2;;;;;
Előkészítő munkatárs;1;;;;;
Belsőépítész és környezettervező művész MA;2;;;;;
mosogató;1;;;;;
beszerzési menedzser;2;;;;;
konyhafőnök;1;;;;;
ügyfélkapcsolati munkatárs;2;;;;;
Real Estate Manager;2;;;;;
office manager;2;;;;;
E-ker. komissiózó munkatárs;1;;;;;
Karosszéria lakatos;1;;;;;
elemző szakreferens;2;;;;;
Elektronikai technikus;2;;;;;
üzleti asszisztens;2;;;;;
Belsőépítészeti főmunkatárs;2;;;;;
kapacitás tervező;2;;;;;
Számítógépes grafikus;2;;;;;
kőműves;1;;;;;
Cukrász tanuló;1;;;;;
Junior könyvelő asszisztens;2;;;;;
szolgálatvezető;2;;;;;
tanácsadó;2;;;;;
E-kereskedelmi szállítási koordinátor;1;;;;;
Frissességi szerződés felelős;1;;;;;
Pénzügyi üzleti partner;2;;;;;
HR asszisztens;2;;;;;
Infrastruktúra/Karbantartó;1;;;;;
Junior beszerzési munkatárs;2;;;;;
építésvezető, gépkezelő;1;;;;;
ISP Áruátvevő-raktáros;1;;;;;
Store Manager;2;;;;;
Junior Digital Marketing Assosiate;2;;;;;
costumer service representative;2;;;;;
junior marketing munkatárs;2;;;;;
vezető;2;;;;;
Junior adózási munkatárs;2;;;;;
anyagmozgató;1;;;;;
Togo szakeladó pénztáros;1;;;;;
műszaki ellenőr;2;;;;;
3D artist;1;;;;;
Supply Chain Program manager;2;;;;;
ügyféllogisztikai vezető;2;;;;;
eladó-adminisztrátor;1;;;;;
irodai szakmai irányító;3;;;;;
Áruház Igazgató;2;;;;;
termelési koordinátor;2;;;;;
Iratkezelési előadó;2;;;;;
értékeítési vezető;2;;;;;
adminisztratív asszisztens;2;;;;;
áruházi készletgazdálkodási vezető;2;;;;;
Piackutató, reklám és marketing tevékenységet tervező, szervező;2;;;;;
E-ker csoportvezető;2;;;;;
Üzletfejlesztési menedzser;2;;;;;
biztonsági referens;2;;;;;
Credit Manager;2;;;;;
Contact Center Specialist;2;;;;;
adatszolgáltatási referens;2;;;;;
raktáros feladatok ellátása;1;;;;;
előkészítő;1;;;;;
udvari takarító és kisegítő;1;;;;;
Raktáros-targoncás;1;;;;;
Műszaki csoportvezető;2;;;;;
alk. önkiszolgáló osztályon (zöldség osztály);1;;;;;
pénzügyi munkatárs;2;;;;;
kiszállító;1;;;;;
Call Despatch;2;;;;;
üzemi takarító;1;;;;;
szakeladó, pénztáros;1;;;;;
adminisztratív feladatok;2;;;;;
E-ker darkstore;1;;;;;
Gazdasági főigazagató helyettes;2;;;;;
Területi értékesítési vezető;2;;;;;
QA Responsible Person MSD AH-2Retail;2;;;;;
készlet koordinátor;2;;;;;
szakmai irányító;2;;;;;
Digitális műszaki rajzoló;2;;;;;
Webshop vezető;2;;;;;
technológia vezető;2;;;;;
ruhaipari technikus;1;;;;;
Henkel/Termelés vezető;2;;;;;
szervizmérnök;1;;;;;
fejlesztés vezető;2;;;;;
áruházvezető h.;2;;;;;
minőség bizt. Vezető;2;;;;;
állategészségügyi csoportvezető;2;;;;;
titkárnő;2;;;;;
logisztika biztonsági vezető;2;;;;;
osztályvezető h.;2;;;;;
Gyógytornász, Manuálterapeuta;3;;;;;
készletgazdálkodó;2;;;;;
szervizvezető;1;;;;;
ügyfélszolgálati csoportvezető;2;;;;;
betanított gépkezelő;1;;;;;
Supply chain manager;2;;;;;
raktáros, targoncás;1;;;;;
hivatalvezető;2;;;;;
Supply Chan Planning Director;2;;;;;
marketing specialista;2;;;;;
iratkezelési asszisztens;2;;;;;
e-KERESKEDELMI ÉS HÁZHOZSZÁLLÍTÁSI ELLENŐR;1;;;;;
Kirendeltségvezető;2;;;;;
Duális gyakorlat;2;;;;;
raktáros/anyagbeszerző;1;;;;;
nyomdai kisegítő;1;;;;;
Vezető támogató osztályvezető;2;;;;;
osztályvezető tisztviselő;2;;;;;
Junior fúrómérnök;1;;;;;
könyvelőasszisztens;2;;;;;
programozó szoftverfejlesztő;2;;;;;
projekt mérnök;2;;;;;
informatikai projektmenedzser;2;;;;;
Flotta manager;2;;;;;
pultos felszolgáló;1;;;;;
HR specialista;2;;;;;
pénzügyi kontroller;2;;;;;
éttermi munkatárs;1;;;;;
Friss-csemegepult-grill;1;;;;;
SM Lean Navigátor;2;;;;;
humánpolitikai referens;2;;;;;
iratkezelési ügyintéző;2;;;;;
szolgálatvezető helyettes II;2;;;;;
HR coordinátor;2;;;;;
bérszámfejtő;2;;;;;
beüzemelő mérnök;2;;;;;
Karbantartási asszisztens;1;;;;;
logisztikai tanuló;2;;;;;
Büfé konyhai kisegítő;1;;;;;
Kerttervező;1;;;;;
értékesítés támogató munkatárs;2;;;;;
junior készlettervező;2;;;;;
logisztikai ügyintéző;2;;;;;
Áruösszekészítési dolgozó;1;;;;;
Egyéb,máshova nem sorolható irodai ,ügyv.foglalk;2;;;;;
customer care specialist;2;;;;;
termelés programozó;2;;;;;
árufeltöltő-pénztáros;1;;;;;
Vállalkozási vezető;2;;;;;
Személyügyi főmunkatárs;2;;;;;
Komissiózó csoportvezető;1;;;;;
reszortfelelős tanuló;1;;;;;
Programfejlesztési referens;2;;;;;
erősáramú technikus;1;;;;;
irattáros;2;;;;;
digitális marketing specialista;2;;;;;
műszerész;1;;;;;
telepvezető;2;;;;;
karbantartási és biztonságtechnikai mérnök;1;;;;;
gépbeállító, feltöltő;1;;;;;
jogász;2;;;;;
Belső ellenőrzési vezető;2;;;;;
kontroller;2;;;;;
bérszámfejtési ügyintéző;2;;;;;
alkalmazott önkiszolgáló osztályon (csemegepulti eladó);1;;;;;
Aszisztens;2;;;;;
értékesító;2;;;;;
Sales Support Specialist;2;;;;;
műszaki igazgató;2;;;;;
lemezlakatos;1;;;;;
könyvvizsgáló asszisztens;2;;;;;
kutató;2;;;;;
szerviz mérnök;2;;;;;
ügyfélszolgálati és fejlesztési vezető;2;;;;;
IT támogató munkatárs;2;;;;;
key account menedzser;2;;;;;
Gyártástervező;3;;;;;
karbantartó technikus;1;;;;;
Gazdasági szervezet vezetője;2;;;;;
kommunikációs vezető;2;;;;;
Telemarketinges munkatárs;2;;;;;
eladó/kasszás;1;;;;;
R&D Software Developer;2;;;;;
projekt támogató munkatárs;2;;;;;
Kereskedelmi és marketing ügyvezető;2;;;;;
adatrögzítő;2;;;;;
Főigazgatói főtanácsadó;2;;;;;
árubeszerző-eladó;1;;;;;
energetikai szakértő;2;;;;;
laboráns;2;;;;;
labor asszisztens;1;;;;;
controller;2;;;;;
Project manager fejlesztő mérnök;2;;;;;
termelési menedzser;2;;;;;
pályázati pénzügyi referens;2;;;;;
Értékesítési és marketingtev. folyt. egys. vezetője;2;;;;;
könyvelési munkatárs;2;;;;;
F&B Manager;2;;;;;
szállítási asszisztens;2;;;;;
Beszerzési ügyintéző;2;;;;;
Termelési szolgáltatások vezető;2;;;;;
logisztikai igazgató;2;;;;;
üzemeltetési munkatárs;2;;;;;
bér és munkaügyi előadó;2;;;;;
kontrolling aszizstens;2;;;;;
pénzügyi csoport vezető;2;;;;;
tehergépkocsi-vezető;1;;;;;
gépészmérnök, csoportvezető;1;;;;;
házhoszállítási manager;1;;;;;
Területi értékesítő;1;;;;;
telefonközpont tájékoztatója;2;;;;;
épületgépész;1;;;;;
Raktáros-gépkocsivezető;1;;;;;
Csapolt Szervíz Raktáros;1;;;;;
marketing specialist;2;;;;;
Ügyfélszolgálati referens;2;;;;;
Labor technikus;1;;;;;
körny. Mérnök;2;;;;;
pénzügyi menedzser;2;;;;;
Üzemeltetési koordinációs ügyintéző;2;;;;;
bérszámfejtési csoportvezető;2;;;;;
bérszámfejtési vezető;2;;;;;
ajánlatkészítő;2;;;;;
értékesítési asszisztens;2;;;;;
adatbázis szakértő;2;;;;;
Breakfast Host;1;;;;;
villanyszerelő karbantartó;1;;;;;
Content Specialist;2;;;;;
Sales operation executive;2;;;;;
ügyvezetői asszisztens;2;;;;;
Raktári alkalmazott;1;;;;;
Telekommunikációs rendszerfejlesztő mérnök;2;;;;;
diszpécser;2;;;;;
tehergépkocsivezető;1;;;;;
minőség/Minőségi ügyintéző;2;;;;;
gépjármű-üzemeltetési munkatárs;1;;;;;
logisztikai ügyfélkapcsolattartó;2;;;;;
Inf-i és komm. rendsz. felhasználóit tám. techn.;2;;;;;
Vezető állatorvos;3;;;;;
Customer Care Representative;2;;;;;
Software Developer;2;;;;;
Tervezés vezető;2;;;;;
gyógyszerész;2;;;;;
asszisztens-diszpécser;2;;;;;
beszerzési kontroller;2;;;;;
Logisztika/ anyagmozgató;1;;;;;
irodai munkatárs;2;;;;;
vezető tervező;2;;;;;
Egyéb, máshova nem sorolható üzl. jell. szolg. üint;2;;;;;
mérnök;2;;;;;
kommunikációs referens;2;;;;;
Depovezető;2;;;;;
Iratkezelési referens;2;;;;;
szolgálattámogató közterület felügyelő;1;;;;;
termelési asszisztens;2;;;;;
Friss üzemvezető helyettes;2;;;;;
üzletfejlesztési vezető;2;;;;;
szakeladó-csemege pult;1;;;;;
képzési és humánpolitikai referens;2;;;;;
autófényező;1;;;;;
fejlesztő mérnök;2;;;;;
Pricing and business analyst;2;;;;;
e-ker dark store előkészítési munkatárs;1;;;;;
épület karbantartó;1;;;;;
Project Engineer;2;;;;;
Reservation Agent;2;;;;;
gépszerelő;1;;;;;
felügyelő;2;;;;;
Termékmenedzsment és alkalmazéstechnikai vezető;2;;;;;
adminisztrátor-ügyintéző;2;;;;;
környezetvédelmi szakértő;2;;;;;
irodai munkavégzés;2;;;;;
irodai dolgozó;2;;;;;
marketing vezető;2;;;;;
termelési kiemelt segédmunkás;1;;;;;
beszerzési munkatárs;2;;;;;
kereskedelmi-asszisztens;2;;;;;
Csoportvezető, higiéniás asszisztens;1;;;;;
minőségirányítási osztályvezető;2;;;;;
Részmunkaidős pénztáros;1;;;;;
Head of logistics development;2;;;;;
E-ker és hsz.ellenőr;1;;;;;
informatikus;2;;;;;
termelési anyagmozgató;1;;;;;
Összetett adminisztratív szolgáltatás;2;;;;;
készlet ellenőr vezető;2;;;;;
Key account koordinátor;2;;;;;
technológus;2;;;;;
R&D Product Support Engineer;2;;;;;
beszerzési és üztemeltetési osztályvezető;2;;;;;
kommunikációs tanácsadó;2;;;;;
Forecast munkatárs;1;;;;;
szolgálati igazgatóhelyettes;2;;;;;
Számviteli Referens;2;;;;;
Gyógyszergyártó;2;;;;;
igazgatói asszisztens;2;;;;;
tervezési vezető;2;;;;;
Senior webmarketing specialista;2;;;;;
márkatermék vezető;2;;;;;
bérbeadási csoprtvezető;2;;;;;
bérelszámoló;2;;;;;
termelési ügyintéző;2;;;;;
Közterület-felügyeleti osztályvezető-helyettes;1;;;;;
nyomdai segéd;1;;;;;
értékesítési főmunkatárs;2;;;;;
Housekeeping supervisor;2;;;;;
igazgatási referens;2;;;;;
Vevőszolgálati munkatárs/kasszás;3;;;;;
Minőség/Minőségügyi ügyintéző;2;;;;;
térmester;1;;;;;
egyszerű ipari foglalkozás;1;;;;;
építész mérnök tervező;2;;;;;
Full stack developer;0;;;;;
villamosipari technikus;1;;;;;
CNC élhajlító, lézervágó;1;;;;;
szerszámgazda;1;;;;;
minőségbiztosítási mérnök;2;;;;;
E-kereskedelem előkészítés-komissiózás;1;;;;;
HMM tüdőszürés;0;;;;;
AP-AR accountant;2;;;;;
call center ügyintéző;2;;;;;
árukiadó, raktáros;1;;;;;
távközlési hálózatépítő;1;;;;;
üzem/karbantartó;1;;;;;
műszaki ügyintéző;2;;;;;
elektronikai műszerész;1;;;;;
Értékesítési Igazgató;2;;;;;
külső szerelő;1;;;;;
árajánlat készítő;2;;;;;
Pénztár szektor;1;;;;;
e-ker kiszolgálási manager;1;;;;;
grafikus;2;;;;;
üzemeltetési csoportvezető;2;;;;;
mérnök-üzletkötő;3;;;;;
Project koordinator;2;;;;;
Eladó (friss szektor);1;;;;;
webshop értékesítési koordinátor;2;;;;;
Gazdasági igazgató;2;;;;;
műszaki rajzoló;2;;;;;
személyügyi asszisztens;2;;;;;
klinikai kutatási asszisztens;2;;;;;
raktártos/áruátvevő;1;;;;;
építőmérnök,csoportvezető;2;;;;;
Általános főigazgató helyettes;2;;;;;
gyártáselőkészítő mérnök;2;;;;;
Gazdasági Igazgatói Asszisztens;2;;;;;
ügyfélkapcsolati manager;2;;;;;
Senior Project Engineer;2;;;;;
Raktári dolgozó (auditor);1;;;;;
laborvezető helyettes;2;;;;;
infrastruktúra műszakvezető;2;;;;;
